ATB,Leibniz-Institut für Agrartechnik und Bioökonomie,https://github.com/ATB-Potsdam
BIPS,Leibniz-Institut für Präventionsforschung und Epidemiologie,https://github.com/bips-hb
DSMZ,Leibniz-Institut DSMZ-Deutsche Sammlung von Mikroorganismen und Zellkulturen GmbH,https://github.com/LeibnizDSMZ
GESIS,GESIS – Leibniz-Institut für Sozialwissenschaften,https://github.com/gesiscss
GWZO,Leibniz-Institut für Geschichte und Kultur des östlichen Europa,https://github.com/Leibniz-GWZO
HBI,Leibniz-Institut für Medienforschung │ Hans-Bredow-Institut,https://github.com/Leibniz-HBI
IDS,Leibniz-Institut für Deutsche Sprache,https://github.com/IDS-Mannheim
IEG,Leibniz-Institut für Europäische Geschichte Mainz,https://github.com/ieg-dhr
IFO,ifo Institut - Leibniz-Institut für Wirtschaftsforschung an der Universität München e. V.,https://github.com/ifo-institute
IGB,Leibniz-Institut für Gewässerökologie und Binnenfischerei,https://github.com/IGB-Berlin
IKZ,Leibniz-Institut für Kristallzüchtung,https://github.com/IKZ-Berlin
IPB,Leibniz-Institut für Pflanzenbiochemie,https://github.com/ipb-halle
IPK,Leibniz-Institut für Pflanzengenetik und Kulturpflanzenforschung,https://github.com/IPK-BIT
IWH,Leibniz-Institut für Wirtschaftsforschung Halle,https://github.com/iwh-halle
IWT,Leibniz-Institut für Werkstofforientierte Technologien,https://github.com/Leibniz-IWT
IZW,Leibniz-Institut für Zoo- und Wildtierforschung,https://github.com/EcoDynIZW
LIKAT,Leibniz-Institut für Katalyse e.V.,https://github.com/LIKAT-Rostock
LIT,Leibniz-Institut für Immuntherapie,https://github.com/lit-regensburg
PRIF,PRIF - Leibniz-Institut für Friedens- und Konfliktforschung,https://github.com/Peace-Research-Institute-Frankfurt
TIB,TIB – Leibniz-Informationszentrum Technik und Naturwissenschaften,https://github.com/TIBHannover
WZB,Wissenschaftszentrum Berlin für Sozialforschung gGmbH,https://github.com/WZBSocialScienceCenter
ZBW,ZBW – Leibniz-Informationszentrum Wirtschaft,https://github.com/zbw
ZMT,Leibniz-Zentrum für Marine Tropenforschung GmbH,https://github.com/leibniz-zmt
ZPID,Leibniz-Institut für Psychologie,https://github.com/leibniz-psychology
